<?xml version="1.0" encoding="UTF-8"?>
<root>
  <item name="ipayuv1.source.cfts.FloatingActionButton int getColor(int) 0">
    <annotation name="android.support.annotation.ColorRes" />
  </item>
  <item name="ipayuv1.source.cfts.FloatingActionButton int getDimension(int) 0">
    <annotation name="android.support.annotation.DimenRes" />
  </item>
  <item name="ipayuv1.source.cfts.FloatingActionButton int getType()">
    <annotation name="android.support.annotation.IntDef">
      <val name="value" val="{ipayuv1.source.cfts.FloatingActionButton.TYPE_NORMAL, ipayuv1.source.cfts.FloatingActionButton.TYPE_MINI}" />
    </annotation>
  </item>
  <item name="ipayuv1.source.cfts.FloatingActionButton void setColorNormalResId(int) 0">
    <annotation name="android.support.annotation.ColorRes" />
  </item>
  <item name="ipayuv1.source.cfts.FloatingActionButton void setColorPressedResId(int) 0">
    <annotation name="android.support.annotation.ColorRes" />
  </item>
  <item name="ipayuv1.source.cfts.FloatingActionButton void setColorRippleResId(int) 0">
    <annotation name="android.support.annotation.ColorRes" />
  </item>
  <item name="ipayuv1.source.cfts.FloatingActionButton void setType(int) 0">
    <annotation name="android.support.annotation.IntDef">
      <val name="value" val="{ipayuv1.source.cfts.FloatingActionButton.TYPE_NORMAL, ipayuv1.source.cfts.FloatingActionButton.TYPE_MINI}" />
    </annotation>
  </item>
</root>

